{"max": [0.285023, 0.713602, 0.263749], "centroid": [0.0005583027128659786, 0.24648002408452035, -0.00432764159727813], "id": "2343e2c4fa69f33a2ff834514c92e8fd", "numVertices": 11169, "min": [-0.284988, -0.136025, -0.243787]}
