{"max": [-0.00517705, 0.716116, 0.748764], "centroid": [-0.39644291148612515, 0.3626161804880839, 0.3691627283306064], "id": "553c6c2a186db82597976c675750537", "numVertices": 11244, "min": [-0.779158, 0.000722452, -0.0162913]}
