{"max": [0.25, 0.773636, 0.625144], "centroid": [-0.11127572030899589, 0.4339881543676654, 0.37118474641460186], "id": "e5f405ad8aeca327d9b53420a5458c53", "numVertices": 1534, "min": [-0.25, 0.0458446, 0.0]}
