{"max": [0.0429413, 0.798133, 0.601581], "centroid": [-0.2972562735186055, 0.37423421599499684, 0.31543745423655206], "id": "c8f5189b54fb3fcc6c518c577d808035", "numVertices": 6396, "min": [-0.601481, -7.9334e-05, -0.0372117]}
