{"max": [50.6956, 0.930443, -38.971], "centroid": [50.24526389782718, 0.32587559260108545, -39.36500573209985], "id": "5b185142b33f3e45c3bd24f986301745", "numVertices": 4972, "min": [49.7942, -5.47878e-05, -39.9271]}
