{"max": [-9.2084, 0.896471, 38.4989], "centroid": [-9.618531491124205, 0.5475072135147891, 38.13365068639048], "id": "19319101e064eb1019fb4103277a6b93", "numVertices": 8450, "min": [-10.0256, 0.0417144, 37.849]}
