{"max": [6.53533, 1.0, -1.97369], "centroid": [4.50657677941177, 0.5517928838235306, -3.4335217499999913], "id": "c856e6b37c9e12ab8a3de2846876a3c7", "numVertices": 680, "min": [2.53533, 0.0, -4.04369]}
