{"max": [-0.45927, 1.16134, 1.40095], "centroid": [-0.6861051034482759, 0.6128320689655173, 1.2463721034482753], "id": "9515e377c1ec86529b9f2eb77f5e247e", "numVertices": 58, "min": [-0.91647, 0.0, 0.943754]}
