{"max": [0.403728, 0.778012, 1.05094], "centroid": [0.07772139771340651, 0.47487428924499214, 0.7181716491525397], "id": "cd10e95d1501ed6719fb4103277a6b93", "numVertices": 6490, "min": [-0.252938, 0.0160121, 0.36471]}
