{"max": [1.02235, 0.46355, 0.61595], "centroid": [0.5121858100558673, 0.210827094972067, 0.31026312849161986], "id": "1cbd4d2be9cf0e3e84ef3d675a0511c0", "numVertices": 179, "min": [0.0, 0.0, 0.0]}
