{"max": [11.4373, 7.07, -0.856169], "centroid": [8.028845555555556, -1.314122222222222, -4.483032], "id": "49795a9ebd9a9c6d2c697f0a1454869", "numVertices": 36, "min": [4.5997, -4.5372, -8.80207]}
