{"max": [-2.52545, 0.8209, -2.85258], "centroid": [-5.181886430678454, 0.5049903244837752, -4.79003076696165], "id": "cd09a9641ea97d873823cce3247aa03b", "numVertices": 339, "min": [-7.84166, 0.0, -6.72458]}
