{"max": [-1.73378, 1.468, -0.0689724], "centroid": [-2.0392142424242428, 0.7938967272727271, -0.2824903515151514], "id": "662928421872897f489452a0032ea575", "numVertices": 66, "min": [-2.34778, 0.0, -0.669972]}
