{"max": [-7.28734, 1.04194, -5.21379], "centroid": [-8.052436595876726, 0.6761518671523771, -5.517168144473643], "id": "b79a15077c4a662719fb4103277a6b93", "numVertices": 12902, "min": [-8.7834, 0.318222, -6.00225]}
