{"max": [0.0, 0.82475, 0.58], "centroid": [-0.26499999999999996, 0.587110022026431, 0.4547646034801759], "id": "6251b398004a02fffebad4f49b26ec52", "numVertices": 908, "min": [-0.53, 0.0, 0.0]}
