{"max": [-5.41991, 1.6637, 1.86227], "centroid": [-5.913661591836735, 1.2030156734693873, 1.7659989795918418], "id": "d4c3dd37d27afa8e7c5910dd17778965", "numVertices": 245, "min": [-6.39146, 0.0, 1.06852]}
