{"max": [0.309563, 1.57639, 0.0], "centroid": [-0.32797481391304306, 0.9574401260869553, -0.43043952608695635], "id": "9978e73fef1857bcac6b8e58caf61f95", "numVertices": 460, "min": [-0.965994, 0.0, -1.14618]}
