{"max": [0.0, 0.6, 0.45], "centroid": [-0.2249261459459453, 0.18795098259276005, 0.328159262757673], "id": "6f84118b912eabbd4587e90e2fc67ac9", "numVertices": 2183, "min": [-0.45, 0.0, 0.0]}
