{"max": [0.2889, 1.51199, 1.00606], "centroid": [-0.42572402001376597, 0.9048489480385429, 0.39747946191328754], "id": "e1791ff04ab8348fdb63e6ea2fd66753", "numVertices": 1453, "min": [-1.15133, 0.0, -0.0432055]}
