{"max": [-0.0118585, 0.253364, 0.124202], "centroid": [-0.05814809999999983, 0.09208980647422649, 0.06972325082474234], "id": "30fe29d73b410c3855efe429bf27a556", "numVertices": 970, "min": [-0.1031, 0.00588513, 0.0]}
