{"max": [0.643483, 0.737502, 0.688178], "centroid": [0.30421818898810343, 0.4258474622161336, 0.28114703472303837], "id": "3c786ff99885e95c685d4893e4ba8951", "numVertices": 6340, "min": [-0.0332338, -2.98023e-08, -0.0562128]}
