{"max": [0.0679357, 0.57705, -14.8895], "centroid": [-0.3043969757538085, 0.047991904322518986, -15.331188401625539], "id": "2dd12e29d36c2b5519fb4103277a6b93", "numVertices": 23624, "min": [-0.677271, -0.183759, -15.5663]}
