{"max": [0.0, 0.709242, 0.620648], "centroid": [-0.39499999999644075, 0.3206666352156513, 0.24358111332845794], "id": "6dfb7b5b4bd0d5f9febad4f49b26ec52", "numVertices": 4498, "min": [-0.79, -0.00164828, -0.0994518]}
